{
  "isrc:USEE19687204": {
    "bpm": 121.6,
    "_ts": 1761685638.461914
  },
  "isrc:GBKQU1429050": {
    "bpm": 123.0,
    "_ts": 1761685641.0030348
  },
  "isrc:NLF711302138": {
    "bpm": 132.1,
    "_ts": 1761685641.1990132
  },
  "isrc:ITO101723229": {
    "bpm": 112.96,
    "_ts": 1761685642.388899
  },
  "isrc:USQY51776696": {
    "bpm": 126.0,
    "_ts": 1761685643.041863
  },
  "isrc:GBAYE9100114": {
    "bpm": 121.2,
    "_ts": 1761685643.3046489
  },
  "isrc:DEKR31310006": {
    "bpm": 128.0,
    "_ts": 1761685643.7367492
  },
  "isrc:GBAYE9400939": {
    "bpm": 123.8,
    "_ts": 1761685643.9699829
  },
  "isrc:DEOV41600503": {
    "bpm": 179.76,
    "_ts": 1761685644.6527371
  },
  "isrc:DEG930700615": {
    "bpm": 140.1,
    "_ts": 1761685645.090271
  },
  "isrc:USUM71703089": {
    "bpm": 170.14,
    "_ts": 1761685655.04075
  },
  "isrc:USCA28600048": {
    "bpm": 162.1,
    "_ts": 1761685658.094131
  },
  "isrc:GBZCL1100001": {
    "bpm": 140.1,
    "_ts": 1761685659.511632
  },
  "isrc:DEG931701175": {
    "bpm": 95.04,
    "_ts": 1761685660.395076
  },
  "isrc:ushm21084614": {
    "bpm": 82.4,
    "_ts": 1761685661.107462
  },
  "isrc:CA5KR1821202": {
    "bpm": 124.91,
    "_ts": 1761685661.307505
  },
  "isrc:USAT21300956": {
    "bpm": 163.4,
    "_ts": 1761763248.6320472
  },
  "isrc:USUM71515784": {
    "bpm": 104.93,
    "_ts": 1761763249.125453
  },
  "isrc:US77R0411050": {
    "bpm": 157.8,
    "_ts": 1761763249.347285
  },
  "isrc:USAT21500555": {
    "bpm": 140.2,
    "_ts": 1761763250.0216289
  },
  "isrc:USAT21300934": {
    "bpm": 112.3,
    "_ts": 1761763250.269196
  },
  "isrc:USSM11905215": {
    "bpm": 110.84,
    "_ts": 1761763251.204232
  },
  "isrc:USCW61300040": {
    "bpm": 136.0,
    "_ts": 1761763252.084116
  },
  "isrc:USIR19400529": {
    "bpm": 179.8,
    "_ts": 1761763252.352942
  },
  "isrc:USGF19972704": {
    "bpm": 116.1,
    "_ts": 1761763252.601053
  },
  "isrc:GBCJN7800009": {
    "bpm": 100.3,
    "_ts": 1761763252.87253
  },
  "isrc:USGF18714806": {
    "bpm": 100.11,
    "_ts": 1761763253.4124658
  },
  "isrc:USWB19900674": {
    "bpm": 179.0,
    "_ts": 1761763253.6586392
  },
  "isrc:NLF057790035": {
    "bpm": 109.09,
    "_ts": 1761763254.244363
  },
  "isrc:USRC11502825": {
    "bpm": 135.1,
    "_ts": 1761763254.4621282
  },
  "isrc:CH3131340464": {
    "bpm": 126.05,
    "_ts": 1761763254.772512
  },
  "isrc:USRW30200005": {
    "bpm": 144.56,
    "_ts": 1761763255.170479
  },
  "isrc:GBAYE0601477": {
    "bpm": 96.82,
    "_ts": 1761763255.400842
  },
  "isrc:USRW39900002": {
    "bpm": 136.0,
    "_ts": 1761763255.810074
  },
  "isrc:USC4R0817618": {
    "bpm": 133.4,
    "_ts": 1761763256.042063
  },
  "isrc:USWB18900039": {
    "bpm": 164.7,
    "_ts": 1761763257.166998
  },
  "isrc:USAT20001123": {
    "bpm": 138.7,
    "_ts": 1761763257.4020102
  },
  "isrc:GBARL1600460": {
    "bpm": 124.16,
    "_ts": 1761763257.931587
  },
  "isrc:GBAYE0601696": {
    "bpm": 128.4,
    "_ts": 1761763259.2346392
  },
  "isrc:USUM71700736": {
    "bpm": 102.08,
    "_ts": 1761763259.519967
  },
  "isrc:USUM71407116": {
    "bpm": 119.8,
    "_ts": 1761763260.2024362
  },
  "isrc:USIR10500420": {
    "bpm": 128.0,
    "_ts": 1761763260.489915
  },
  "isrc:USGF18714801": {
    "bpm": 123.05,
    "_ts": 1761763260.767265
  },
  "isrc:USC4R0817604": {
    "bpm": 89.88,
    "_ts": 1761763261.327415
  },
  "isrc:TCAAU1183515": {
    "bpm": 133.8,
    "_ts": 1761763261.5987
  },
  "isrc:USWB11301116": {
    "bpm": 151.4,
    "_ts": 1761763261.825991
  },
  "isrc:USJAY0300086": {
    "bpm": 88.0,
    "_ts": 1761763262.0706592
  },
  "isrc:USQY51463112": {
    "bpm": 117.1,
    "_ts": 1761763262.753175
  },
  "isrc:USGF19960712": {
    "bpm": 116.1,
    "_ts": 1761763263.218091
  },
  "isrc:USWB11504479": {
    "bpm": 164.7,
    "_ts": 1761763264.160919
  },
  "isrc:FIBAR0500287": {
    "bpm": 123.0,
    "_ts": 1761763264.501761
  },
  "isrc:NLF057690020": {
    "bpm": 123.05,
    "_ts": 1761763264.735429
  },
  "isrc:SE5R71700108": {
    "bpm": 103.1,
    "_ts": 1761763265.023108
  },
  "isrc:USRH11602193": {
    "bpm": 124.91,
    "_ts": 1761763265.511775
  },
  "isrc:AUAP08000047": {
    "bpm": 129.2,
    "_ts": 1761763266.013035
  },
  "isrc:FRZID0900500": {
    "bpm": 130.01,
    "_ts": 1761763266.29664
  },
  "isrc:USUM71210662": {
    "bpm": 128.0,
    "_ts": 1761763266.5837362
  },
  "isrc:USWB10600700": {
    "bpm": 95.9,
    "_ts": 1761763266.802826
  },
  "isrc:USSM17300504": {
    "bpm": 177.4,
    "_ts": 1761763267.039392
  },
  "isrc:USSM19000343": {
    "bpm": 103.9,
    "_ts": 1761763268.551011
  },
  "isrc:USA171810010": {
    "bpm": 116.13,
    "_ts": 1761763268.770027
  },
  "isrc:USUM71210785": {
    "bpm": 144.1,
    "_ts": 1761763269.8839822
  },
  "isrc:US77R0408816": {
    "bpm": 97.3,
    "_ts": 1761763270.864933
  },
  "isrc:USSM17700373": {
    "bpm": 125.7,
    "_ts": 1761763271.347411
  },
  "isrc:GBUM71029623": {
    "bpm": 112.35,
    "_ts": 1761763470.51442
  },
  "isrc:USQX91300809": {
    "bpm": 116.13,
    "_ts": 1761763472.117832
  },
  "isrc:USA560512677": {
    "bpm": 186.2,
    "_ts": 1761763473.173686
  },
  "isrc:USRW29600001": {
    "bpm": 87.04,
    "_ts": 1761763473.431158
  },
  "isrc:GBCRL1100072": {
    "bpm": 187.9,
    "_ts": 1761763473.669893
  },
  "isrc:ZAC581300963": {
    "bpm": 120.2,
    "_ts": 1761763473.9268181
  },
  "isrc:GBAYE0001456": {
    "bpm": 179.8,
    "_ts": 1761763474.161101
  },
  "isrc:USRW30200001": {
    "bpm": 168.06,
    "_ts": 1761763474.7206888
  },
  "isrc:USQX91603031": {
    "bpm": 99.86,
    "_ts": 1761763474.995549
  },
  "isrc:GBN9Y1100088": {
    "bpm": 121.6,
    "_ts": 1761763476.3540921
  },
  "isrc:GBCRL1100240": {
    "bpm": 104.1,
    "_ts": 1761763476.592396
  },
  "isrc:USC4R0817643": {
    "bpm": 115.8,
    "_ts": 1761763477.429618
  },
  "isrc:USQX91500801": {
    "bpm": 99.9,
    "_ts": 1761763477.681369
  },
  "isrc:USWB19903197": {
    "bpm": 159.6,
    "_ts": 1761763478.040363
  },
  "isrc:GBF080400754": {
    "bpm": 95.0,
    "_ts": 1761763478.400459
  },
  "isrc:GBAHS1800025": {
    "bpm": 95.04,
    "_ts": 1761763478.812562
  },
  "isrc:USC4R0817600": {
    "bpm": 141.59,
    "_ts": 1761763479.05054
  },
  "isrc:GBCEL1300365": {
    "bpm": 89.88,
    "_ts": 1761763479.732182
  },
  "isrc:USWB19900693": {
    "bpm": 123.8,
    "_ts": 1761763480.685005
  },
  "isrc:GBDUW0000066": {
    "bpm": 106.8,
    "_ts": 1761763483.3150568
  },
  "isrc:GBARL1500704": {
    "bpm": 122.0,
    "_ts": 1761763484.4667578
  },
  "isrc:USSM18300270": {
    "bpm": 128.8,
    "_ts": 1761763484.822228
  },
  "isrc:GBUM71029604": {
    "bpm": 141.1,
    "_ts": 1761763485.7854002
  },
  "isrc:USEE11300355": {
    "bpm": 109.1,
    "_ts": 1761763486.238288
  },
  "isrc:USSM10025671": {
    "bpm": 136.0,
    "_ts": 1761763486.998901
  },
  "isrc:GBF089390003": {
    "bpm": 109.1,
    "_ts": 1761763487.255531
  },
  "isrc:GBARL1100748": {
    "bpm": 128.0,
    "_ts": 1761763488.296299
  },
  "isrc:USEE11300322": {
    "bpm": 143.1,
    "_ts": 1761763488.538396
  },
  "isrc:GBAYE0402431": {
    "bpm": 96.1,
    "_ts": 1761763488.775111
  },
  "isrc:GBCEL1300362": {
    "bpm": 84.89,
    "_ts": 1761763489.076
  },
  "isrc:QMZSY1600015": {
    "bpm": 99.86,
    "_ts": 1761763551.629729
  },
  "isrc:GBCRL1100051": {
    "bpm": 135.1,
    "_ts": 1761763551.850519
  },
  "isrc:GBCEL0700067": {
    "bpm": 112.04,
    "_ts": 1761763552.1019871
  },
  "isrc:GBUM71029618": {
    "bpm": 81.23,
    "_ts": 1761763552.454012
  },
  "isrc:USEE11300344": {
    "bpm": 110.0,
    "_ts": 1761763553.150135
  },
  "isrc:CHB701400134": {
    "bpm": 128.0,
    "_ts": 1761763553.585536
  },
  "isrc:GBAMB9500072": {
    "bpm": 128.0,
    "_ts": 1761763553.800554
  },
  "isrc:USWB11301121": {
    "bpm": 177.4,
    "_ts": 1761763554.254148
  },
  "isrc:USGF19960706": {
    "bpm": 113.3,
    "_ts": 1761763555.866053
  },